{
  "experiment": "Experiment F - Poly Clamp Wrapper",
  "model_path": "models/poly_model.pkl",
  "samples": 20000,
  "seed": 42,
  "speed": {
    "batch_size": 20000,
    "baseline_ms_per_batch": 26.616012502927333,
    "clamp_overlay_ms_per_batch": 2.0632979518268257,
    "clamped_ms_per_batch": 28.67931045475416,
    "baseline_us_per_mix": 1.3308006251463667,
    "clamped_us_per_mix": 1.433965522737708,
    "overhead_percent": 7.7520926607616225
  },
  "drift": {
    "mean_channel_shift_all": 1.3519833333333333,
    "mean_channel_shift_edge": 2.535890365170887,
    "mean_channel_shift_mid": 0.09399201108665525,
    "mean_dist_to_linear_all": {
      "baseline": 5.498433333333334,
      "clamped": 4.14645
    },
    "mean_dist_to_linear_edge": {
      "baseline": 3.157516503718559,
      "clamped": 0.6216261385476728
    }
  },
  "mixbox_accuracy": {
    "available": true,
    "samples": 5000,
    "baseline_mean_de": 2.1145393542718156,
    "clamped_mean_de": 2.267249709422289,
    "delta_mean_de": 0.15271035515047315,
    "baseline_median_de": 1.569031648195888,
    "clamped_median_de": 1.5439393153769325
  }
}